case_id,vehicle_id,timestamp_s,latitude_deg,longitude_deg,speed_m_s,lane_id,s1_selected_event,source_file
S1_example_001,smoke_0,0,39.97012,116.310929,13.89,-182857675#3_0,0,beijing_smoke.fcd.xml
S1_example_001,smoke_0,1,39.970249,116.310913,14.36,-182857675#2_0,0,beijing_smoke.fcd.xml
S1_example_001,smoke_0,2,39.970375,116.310897,14.11,-182857675#2_0,0,beijing_smoke.fcd.xml
S1_example_001,smoke_0,3,39.970494,116.310883,13.25,-182857675#2_0,0,beijing_smoke.fcd.xml
S1_example_001,smoke_0,4,39.970623,116.310867,14.42,-182857675#2_0,0,beijing_smoke.fcd.xml
S1_example_001,smoke_0,5,39.970748,116.310852,13.89,-182857675#2_0,0,beijing_smoke.fcd.xml
S1_example_001,smoke_0,6,39.970869,116.310837,13.55,-182857675#2_0,0,beijing_smoke.fcd.xml
S1_example_001,smoke_0,7,39.970987,116.310822,13.16,-182857675#2_0,0,beijing_smoke.fcd.xml
S1_example_001,smoke_0,8,39.97111,116.310807,13.71,-182857675#2_0,0,beijing_smoke.fcd.xml
S1_example_001,smoke_0,9,39.97123,116.310793,13.33,-182857675#2_0,0,beijing_smoke.fcd.xml
S1_example_001,smoke_0,10,39.971353,116.310777,13.76,-182857675#2_0,1,beijing_smoke.fcd.xml
S1_example_001,smoke_0,11,39.971478,116.310762,13.93,-182857675#2_0,0,beijing_smoke.fcd.xml
S1_example_001,smoke_0,12,39.971606,116.310747,14.23,-182857675#2_0,0,beijing_smoke.fcd.xml
S1_example_001,smoke_0,13,39.971733,116.310731,14.14,-182857675#2_0,0,beijing_smoke.fcd.xml
S1_example_001,smoke_0,14,39.971853,116.310716,13.4,-182857675#1_0,0,beijing_smoke.fcd.xml
S1_example_001,smoke_0,15,39.971975,116.3107,13.57,-182857675#1_0,0,beijing_smoke.fcd.xml
S1_example_001,smoke_0,16,39.972093,116.310685,13.14,-182857675#1_0,0,beijing_smoke.fcd.xml
S1_example_001,smoke_0,17,39.972219,116.310666,14.12,-182857675#0_0,0,beijing_smoke.fcd.xml
S1_example_001,smoke_0,18,39.972309,116.310652,10.09,-182857675#0_0,0,beijing_smoke.fcd.xml
S1_example_001,smoke_0,19,39.972367,116.310643,6.47,-182857675#0_0,0,beijing_smoke.fcd.xml
S1_example_001,smoke_0,20,39.972423,116.310636,6.2,:1932225267_3_0,0,beijing_smoke.fcd.xml
S1_example_001,smoke_0,21,39.972457,116.310679,5.73,:1932225267_3_0,0,beijing_smoke.fcd.xml
S1_example_001,smoke_0,22,39.972465,116.310744,5.56,-165743483#1_0,0,beijing_smoke.fcd.xml
S1_example_001,smoke_0,23,39.972473,116.310828,7.3,-165743483#1_0,0,beijing_smoke.fcd.xml
S1_example_001,smoke_0,24,39.972483,116.310932,8.97,-165743483#1_0,0,beijing_smoke.fcd.xml
S1_example_001,smoke_0,25,39.972495,116.311058,10.81,-165743483#1_0,0,beijing_smoke.fcd.xml
S1_example_001,smoke_0,26,39.972509,116.311201,12.3,-165743483#1_0,0,beijing_smoke.fcd.xml
S1_example_001,smoke_0,27,39.972525,116.311357,13.44,-165743483#1_0,0,beijing_smoke.fcd.xml
S1_example_001,smoke_0,28,39.97254,116.311517,13.8,-165743483#1_0,0,beijing_smoke.fcd.xml
S1_example_001,smoke_0,29,39.972556,116.311682,14.21,-165743483#1_0,0,beijing_smoke.fcd.xml
S1_example_001,smoke_0,30,39.972572,116.311839,13.45,-165743483#1_0,0,beijing_smoke.fcd.xml
S1_example_001,smoke_0,31,39.972586,116.311986,12.67,-165743483#1_0,0,beijing_smoke.fcd.xml
S1_example_001,smoke_0,32,39.972595,116.312081,8.17,-165743483#1_0,0,beijing_smoke.fcd.xml
S1_example_001,smoke_0,33,39.972605,116.312132,4.55,-165743483#0_0,0,beijing_smoke.fcd.xml
S1_example_001,smoke_0,34,39.972601,116.312199,5.99,:1772777332_0_0,0,beijing_smoke.fcd.xml
S1_example_001,smoke_0,35,39.972567,116.312264,5.46,233756369#6_1,0,beijing_smoke.fcd.xml
S1_example_001,smoke_0,36,39.972518,116.312325,6.86,233756369#6_2,0,beijing_smoke.fcd.xml
S1_example_001,smoke_0,37,39.97244,116.312358,9.08,233756369#6_2,0,beijing_smoke.fcd.xml
S1_example_001,smoke_0,38,39.972345,116.312399,11.16,233756369#6_2,0,beijing_smoke.fcd.xml
S1_example_001,smoke_0,39,39.972232,116.312448,13.22,233756369#6_2,0,beijing_smoke.fcd.xml
S1_example_001,smoke_0,40,39.972107,116.312502,14.58,233756369#6_2,0,beijing_smoke.fcd.xml
S1_example_001,smoke_0,41,39.971969,116.312561,16.16,233756369#6_2,0,beijing_smoke.fcd.xml
S1_example_001,smoke_0,42,39.971812,116.312629,18.42,233756369#6_2,0,beijing_smoke.fcd.xml
S1_example_001,smoke_0,43,39.971642,116.312702,19.85,233756369#6_2,0,beijing_smoke.fcd.xml
S1_example_001,smoke_0,44,39.971498,116.312764,16.84,233756369#6_2,0,beijing_smoke.fcd.xml
S1_example_001,smoke_0,45,39.971393,116.31281,12.34,233756369#6_2,0,beijing_smoke.fcd.xml
S1_example_001,smoke_0,46,39.971326,116.312839,7.84,233756369#6_2,0,beijing_smoke.fcd.xml
S1_example_001,smoke_0,47,39.971291,116.312854,4.02,233756369#6_2,0,beijing_smoke.fcd.xml
S1_example_001,smoke_0,48,39.971283,116.312857,0.93,233756369#6_2,0,beijing_smoke.fcd.xml
S1_example_001,smoke_0,49,39.971277,116.31286,0.75,233756369#6_2,0,beijing_smoke.fcd.xml
S1_example_001,smoke_0,50,39.971277,116.31286,0.06,233756369#6_2,0,beijing_smoke.fcd.xml
S1_example_001,smoke_0,51,39.971276,116.31286,0.01,233756369#6_2,0,beijing_smoke.fcd.xml
S1_example_001,smoke_0,52,39.971276,116.31286,0,233756369#6_2,0,beijing_smoke.fcd.xml
S1_example_001,smoke_0,53,39.971276,116.31286,0,233756369#6_2,0,beijing_smoke.fcd.xml
S1_example_001,smoke_0,54,39.971276,116.31286,0,233756369#6_2,0,beijing_smoke.fcd.xml
S1_example_001,smoke_0,55,39.971276,116.31286,0,233756369#6_2,0,beijing_smoke.fcd.xml
S1_example_001,smoke_0,56,39.971276,116.31286,0,233756369#6_2,0,beijing_smoke.fcd.xml
S1_example_001,smoke_0,57,39.971276,116.31286,0,233756369#6_2,0,beijing_smoke.fcd.xml
S1_example_001,smoke_0,58,39.971276,116.31286,0,233756369#6_2,0,beijing_smoke.fcd.xml
S1_example_001,smoke_0,59,39.971276,116.31286,0,233756369#6_2,0,beijing_smoke.fcd.xml
S1_example_001,smoke_0,60,39.971276,116.31286,0,233756369#6_2,0,beijing_smoke.fcd.xml
S1_example_001,smoke_0,61,39.971276,116.31286,0,233756369#6_2,0,beijing_smoke.fcd.xml
S1_example_001,smoke_0,62,39.971276,116.31286,0,233756369#6_2,0,beijing_smoke.fcd.xml
S1_example_001,smoke_0,63,39.971276,116.31286,0,233756369#6_2,0,beijing_smoke.fcd.xml
S1_example_001,smoke_0,64,39.971276,116.31286,0,233756369#6_2,0,beijing_smoke.fcd.xml
S1_example_001,smoke_0,65,39.971276,116.31286,0,233756369#6_2,0,beijing_smoke.fcd.xml
S1_example_001,smoke_0,66,39.971276,116.31286,0,233756369#6_2,0,beijing_smoke.fcd.xml
S1_example_001,smoke_0,67,39.971276,116.31286,0,233756369#6_2,0,beijing_smoke.fcd.xml
S1_example_001,smoke_0,68,39.971276,116.31286,0,233756369#6_2,0,beijing_smoke.fcd.xml
S1_example_001,smoke_0,69,39.971276,116.31286,0,233756369#6_2,0,beijing_smoke.fcd.xml
S1_example_001,smoke_0,70,39.971276,116.31286,0,233756369#6_2,0,beijing_smoke.fcd.xml
S1_example_001,smoke_0,71,39.971276,116.31286,0,233756369#6_2,0,beijing_smoke.fcd.xml
S1_example_001,smoke_0,72,39.971276,116.31286,0,233756369#6_2,0,beijing_smoke.fcd.xml
S1_example_001,smoke_0,73,39.971276,116.31286,0,233756369#6_2,0,beijing_smoke.fcd.xml
S1_example_001,smoke_0,74,39.971276,116.31286,0,233756369#6_2,0,beijing_smoke.fcd.xml
S1_example_001,smoke_0,75,39.971276,116.31286,0,233756369#6_2,0,beijing_smoke.fcd.xml
S1_example_001,smoke_0,76,39.971276,116.31286,0,233756369#6_2,0,beijing_smoke.fcd.xml
S1_example_001,smoke_0,77,39.971276,116.31286,0,233756369#6_2,0,beijing_smoke.fcd.xml
S1_example_001,smoke_0,78,39.971276,116.31286,0,233756369#6_2,0,beijing_smoke.fcd.xml
S1_example_001,smoke_0,79,39.971276,116.31286,0,233756369#6_2,0,beijing_smoke.fcd.xml
S1_example_001,smoke_0,80,39.971276,116.31286,0,233756369#6_2,0,beijing_smoke.fcd.xml
S1_example_001,smoke_0,81,39.971276,116.31286,0,233756369#6_2,0,beijing_smoke.fcd.xml
S1_example_001,smoke_0,82,39.971276,116.31286,0,233756369#6_2,0,beijing_smoke.fcd.xml
S1_example_001,smoke_0,83,39.971276,116.31286,0,233756369#6_2,0,beijing_smoke.fcd.xml
S1_example_001,smoke_0,84,39.971276,116.31286,0,233756369#6_2,0,beijing_smoke.fcd.xml
S1_example_001,smoke_0,85,39.971276,116.31286,0,233756369#6_2,0,beijing_smoke.fcd.xml
S1_example_001,smoke_0,86,39.971276,116.31286,0,233756369#6_2,0,beijing_smoke.fcd.xml
S1_example_001,smoke_0,87,39.971276,116.31286,0,233756369#6_2,0,beijing_smoke.fcd.xml
S1_example_001,smoke_0,88,39.971276,116.31286,0,233756369#6_2,0,beijing_smoke.fcd.xml
S1_example_001,smoke_0,89,39.971276,116.31286,0,233756369#6_2,0,beijing_smoke.fcd.xml
S1_example_001,smoke_0,90,39.971265,116.312869,1.51,:cluster_10761230384_1571464686_1571464688_1779334569_#2more_13_0,0,beijing_smoke.fcd.xml
S1_example_001,smoke_0,91,39.97125,116.312908,3.9,:cluster_10761230384_1571464686_1571464688_1779334569_#2more_13_0,0,beijing_smoke.fcd.xml
S1_example_001,smoke_0,92,39.971275,116.312935,4.06,:cluster_10761230384_1571464686_1571464688_1779334569_#2more_16_0,0,beijing_smoke.fcd.xml
S1_example_001,smoke_0,93,39.971315,116.312927,4.68,240367922_2,0,beijing_smoke.fcd.xml
S1_example_001,smoke_0,94,39.971375,116.312899,7.08,240367922_2,0,beijing_smoke.fcd.xml
S1_example_001,smoke_0,95,39.971455,116.312862,9.38,240367922_2,0,beijing_smoke.fcd.xml
S1_example_001,smoke_0,96,39.971546,116.312818,10.78,240367922_2,0,beijing_smoke.fcd.xml
S1_example_001,smoke_0,97,39.971658,116.312765,13.24,240367922_2,0,beijing_smoke.fcd.xml
S1_example_001,smoke_0,98,39.971787,116.312705,15.22,240367922_2,0,beijing_smoke.fcd.xml
S1_example_001,smoke_0,99,39.971936,116.312634,17.54,240367922_2,0,beijing_smoke.fcd.xml
S1_example_001,smoke_0,100,39.972108,116.31256,20.14,240367922_2,0,beijing_smoke.fcd.xml
S1_example_001,smoke_0,101,39.972299,116.31248,22.28,240367922_2,0,beijing_smoke.fcd.xml
S1_example_001,smoke_0,102,39.972504,116.312393,23.96,240367922_2,0,beijing_smoke.fcd.xml
S1_example_001,smoke_0,103,39.972727,116.312299,25.99,240367922_2,0,beijing_smoke.fcd.xml
S1_example_001,smoke_0,104,39.97297,116.312197,28.29,240367922_2,0,beijing_smoke.fcd.xml
S1_example_001,smoke_0,105,39.973211,116.312096,28.09,:1767362119_1_2,0,beijing_smoke.fcd.xml
S1_example_001,smoke_0,106,39.973456,116.311994,28.59,1156851613#0_2,0,beijing_smoke.fcd.xml
S1_example_001,smoke_0,107,39.973701,116.311892,28.52,1156851613#0_2,0,beijing_smoke.fcd.xml
S1_example_001,smoke_0,108,39.97395,116.31179,28.85,1156851613#0_2,0,beijing_smoke.fcd.xml
S1_example_001,smoke_0,109,39.974195,116.311706,28.17,1156851613#0_2,0,beijing_smoke.fcd.xml
S1_example_001,smoke_0,110,39.974439,116.311622,27.96,1156851613#0_2,0,beijing_smoke.fcd.xml
S1_example_001,smoke_0,111,39.974688,116.311562,28.38,:1687193445_1_1,0,beijing_smoke.fcd.xml
S1_example_001,smoke_0,112,39.974935,116.311485,28.16,162546312#2_1,0,beijing_smoke.fcd.xml
S1_example_001,smoke_0,113,39.975182,116.311415,28.12,162546312#3_1,0,beijing_smoke.fcd.xml
S1_example_001,smoke_0,114,39.975426,116.311328,28.07,162546312#3_1,0,beijing_smoke.fcd.xml
S1_example_001,smoke_0,115,39.975669,116.311237,28.13,162546312#3_1,0,beijing_smoke.fcd.xml
S1_example_001,smoke_0,116,39.975918,116.311152,28.57,162546312#4_1,0,beijing_smoke.fcd.xml
S1_example_001,smoke_0,117,39.976167,116.311079,28.38,162546312#4_1,0,beijing_smoke.fcd.xml
S1_example_001,smoke_0,118,39.976423,116.311037,28.62,162546312#4_1,0,beijing_smoke.fcd.xml
S1_example_001,smoke_0,119,39.976675,116.311002,28.12,162546312#4_1,0,beijing_smoke.fcd.xml
S1_example_001,smoke_0,120,39.976929,116.310973,28.3,162546312#4_1,0,beijing_smoke.fcd.xml
S1_example_001,smoke_0,121,39.977179,116.310964,27.76,162546312#4_1,0,beijing_smoke.fcd.xml
S1_example_001,smoke_0,122,39.977435,116.31099,28.27,:cluster_10603827110_1362277813_1754955238_9911530782_1_0,0,beijing_smoke.fcd.xml
S1_example_001,smoke_0,123,39.977687,116.310968,27.89,162546312#8_0,0,beijing_smoke.fcd.xml
S1_example_001,smoke_0,124,39.977932,116.310943,27.56,162546312#10_0,0,beijing_smoke.fcd.xml
S1_example_001,smoke_0,125,39.978191,116.310923,28.73,162546312#10_0,0,beijing_smoke.fcd.xml
S1_example_001,smoke_0,126,39.978444,116.310903,28.13,162546312#10_0,0,beijing_smoke.fcd.xml
S1_example_001,smoke_0,127,39.978702,116.310883,28.73,162546312#10_0,0,beijing_smoke.fcd.xml
S1_example_001,smoke_0,128,39.978956,116.310859,28.19,162546312#10_0,0,beijing_smoke.fcd.xml
S1_example_001,smoke_0,129,39.97921,116.310835,28.26,162546312#10_0,0,beijing_smoke.fcd.xml
S1_example_001,smoke_0,130,39.979457,116.310812,27.59,:494296089_3_0,0,beijing_smoke.fcd.xml
S1_example_001,smoke_0,131,39.9797,116.310735,27.68,128624210#0_0,0,beijing_smoke.fcd.xml
S1_example_001,smoke_0,132,39.979955,116.310712,28.37,128624210#0_0,0,beijing_smoke.fcd.xml
S1_example_001,smoke_0,133,39.980212,116.310691,28.6,128624210#0_0,0,beijing_smoke.fcd.xml
S1_example_001,smoke_0,134,39.980467,116.310671,28.46,128624210#0_0,0,beijing_smoke.fcd.xml
S1_example_001,smoke_0,135,39.980724,116.310651,28.6,128624210#0_0,0,beijing_smoke.fcd.xml
S1_example_001,smoke_0,136,39.98098,116.31063,28.45,128624210#0_0,0,beijing_smoke.fcd.xml
S1_example_001,smoke_0,137,39.981232,116.31061,28.11,128624210#0_0,0,beijing_smoke.fcd.xml
S1_example_001,smoke_0,138,39.981491,116.310588,28.81,128624210#1_0,0,beijing_smoke.fcd.xml
S1_example_001,smoke_0,139,39.981741,116.310567,27.8,128624210#1_0,0,beijing_smoke.fcd.xml
S1_example_001,smoke_0,140,39.981998,116.310547,28.61,128624210#1_0,0,beijing_smoke.fcd.xml
S1_example_001,smoke_0,141,39.982255,116.310527,28.54,128624210#1_0,0,beijing_smoke.fcd.xml
S1_example_001,smoke_0,142,39.982506,116.310508,27.9,128624210#1_0,0,beijing_smoke.fcd.xml
S1_example_001,smoke_0,143,39.982764,116.310487,28.81,1136486921#0_0,0,beijing_smoke.fcd.xml
S1_example_001,smoke_0,144,39.983021,116.310434,28.83,1136486921#0_0,0,beijing_smoke.fcd.xml
S1_example_001,smoke_0,145,39.983272,116.310383,28.13,:1767362161_1_0,0,beijing_smoke.fcd.xml
S1_example_001,smoke_0,146,39.98352,116.310344,28.02,1136486921#1_0,0,beijing_smoke.fcd.xml
S1_example_001,smoke_0,147,39.983771,116.310334,27.82,1136486921#2_0,0,beijing_smoke.fcd.xml
S1_example_001,smoke_0,148,39.984027,116.310312,28.4,:9560281028_1_0,0,beijing_smoke.fcd.xml
S1_example_001,smoke_0,149,39.984283,116.310294,28.46,26152148_0,0,beijing_smoke.fcd.xml
S1_example_001,smoke_0,150,39.984538,116.310279,28.35,121778743#1_0,0,beijing_smoke.fcd.xml
S1_example_001,smoke_0,151,39.984793,116.310261,28.32,121778743#1_0,0,beijing_smoke.fcd.xml
S1_example_001,smoke_0,152,39.985045,116.310242,28.09,121778743#1_0,0,beijing_smoke.fcd.xml
S1_example_001,smoke_0,153,39.985299,116.310224,28.17,121778743#1_0,0,beijing_smoke.fcd.xml
S1_example_001,smoke_0,154,39.985553,116.310205,28.29,121778743#1_0,0,beijing_smoke.fcd.xml
S1_example_001,smoke_0,155,39.985802,116.310187,27.69,121778743#1_0,0,beijing_smoke.fcd.xml
S1_example_001,smoke_0,156,39.986054,116.310169,27.96,121778743#1_0,0,beijing_smoke.fcd.xml
S1_example_001,smoke_0,157,39.986303,116.310149,27.69,121778743#1_0,0,beijing_smoke.fcd.xml
S1_example_001,smoke_0,158,39.986559,116.310127,28.49,121778743#2_0,0,beijing_smoke.fcd.xml
S1_example_001,smoke_0,159,39.986809,116.310111,27.82,121778743#2_0,0,beijing_smoke.fcd.xml
S1_example_001,smoke_0,160,39.987058,116.310096,27.65,121778743#2_0,0,beijing_smoke.fcd.xml
S1_example_001,smoke_0,161,39.987315,116.310077,28.56,121778743#3_0,0,beijing_smoke.fcd.xml
S1_example_001,smoke_0,162,39.987572,116.310057,28.51,121778743#3_0,0,beijing_smoke.fcd.xml
S1_example_001,smoke_0,163,39.98783,116.310037,28.71,121778743#3_0,0,beijing_smoke.fcd.xml
S1_example_001,smoke_0,164,39.988088,116.310017,28.71,121778743#3_0,0,beijing_smoke.fcd.xml
S1_example_001,smoke_0,165,39.988339,116.309997,27.93,121778743#3_0,0,beijing_smoke.fcd.xml
S1_example_001,smoke_0,166,39.988596,116.309977,28.61,121778743#3_0,0,beijing_smoke.fcd.xml
S1_example_001,smoke_0,167,39.988844,116.30996,27.56,121778743#3_0,0,beijing_smoke.fcd.xml
S1_example_001,smoke_0,168,39.989099,116.309943,28.35,121778743#4_0,0,beijing_smoke.fcd.xml
S1_example_001,smoke_0,169,39.989353,116.309926,28.18,121778743#4_0,0,beijing_smoke.fcd.xml
S1_example_001,smoke_0,170,39.989608,116.309909,28.35,121778743#4_0,0,beijing_smoke.fcd.xml
S1_example_001,smoke_0,171,39.989861,116.309887,28.16,237011437#0_0,0,beijing_smoke.fcd.xml
S1_example_001,smoke_0,172,39.990101,116.309866,26.7,237011437#0_0,0,beijing_smoke.fcd.xml
S1_example_001,smoke_0,173,39.990306,116.309848,22.82,237011437#0_0,0,beijing_smoke.fcd.xml
S1_example_001,smoke_0,174,39.990471,116.309834,18.32,237011437#0_0,0,beijing_smoke.fcd.xml
S1_example_001,smoke_0,175,39.990595,116.309823,13.82,237011437#0_0,0,beijing_smoke.fcd.xml
S1_example_001,smoke_0,176,39.990678,116.309815,9.32,237011437#0_0,0,beijing_smoke.fcd.xml
S1_example_001,smoke_0,177,39.990728,116.309849,6.65,:cluster_286387102_32618840_371158000_9331662208_8_0,0,beijing_smoke.fcd.xml
S1_example_001,smoke_0,178,39.990743,116.309924,6.72,138694650#0_0,0,beijing_smoke.fcd.xml
S1_example_001,smoke_0,179,39.99075,116.31003,9.27,138694650#1_0,0,beijing_smoke.fcd.xml
S1_example_001,smoke_0,180,39.990756,116.310155,10.67,138694650#1_0,0,beijing_smoke.fcd.xml
S1_example_001,smoke_0,181,39.990762,116.310304,12.77,138694650#1_0,0,beijing_smoke.fcd.xml
S1_example_001,smoke_0,182,39.99077,116.310479,14.95,138694650#1_0,0,beijing_smoke.fcd.xml
S1_example_001,smoke_0,183,39.990779,116.310676,16.89,138694650#1_0,0,beijing_smoke.fcd.xml
S1_example_001,smoke_0,184,39.990789,116.310903,19.49,138694650#2_0,0,beijing_smoke.fcd.xml
S1_example_001,smoke_0,185,39.9908,116.311155,21.56,138694650#2_0,0,beijing_smoke.fcd.xml
S1_example_001,smoke_0,186,39.990813,116.311431,23.55,138694650#2_0,0,beijing_smoke.fcd.xml
S1_example_001,smoke_0,187,39.990826,116.311729,25.5,138694650#2_0,0,beijing_smoke.fcd.xml
S1_example_001,smoke_0,188,39.990841,116.312051,27.59,138694650#2_0,0,beijing_smoke.fcd.xml
S1_example_001,smoke_0,189,39.990856,116.312388,28.79,138694650#2_0,0,beijing_smoke.fcd.xml
S1_example_001,smoke_0,190,39.990871,116.312724,28.73,138694650#2_0,0,beijing_smoke.fcd.xml
S1_example_001,smoke_0,191,39.990886,116.313056,28.42,138694650#2_0,0,beijing_smoke.fcd.xml
S1_example_001,smoke_0,192,39.9909,116.313383,27.94,138694650#2_0,0,beijing_smoke.fcd.xml
S1_example_001,smoke_0,193,39.990915,116.313709,27.88,138694650#2_0,0,beijing_smoke.fcd.xml
S1_example_001,smoke_0,194,39.99093,116.314041,28.39,138694650#2_0,0,beijing_smoke.fcd.xml
S1_example_001,smoke_0,195,39.990945,116.314371,28.25,138694650#2_0,0,beijing_smoke.fcd.xml
S1_example_001,smoke_0,196,39.990959,116.314697,27.87,138694650#2_0,0,beijing_smoke.fcd.xml
S1_example_001,smoke_0,197,39.990974,116.315029,28.42,138694650#2_0,0,beijing_smoke.fcd.xml
S1_example_001,smoke_0,198,39.990988,116.315351,27.58,138694650#3_0,0,beijing_smoke.fcd.xml
S1_example_001,smoke_0,199,39.991003,116.315686,28.81,:cluster_9156861085_9156861086_10_0,0,beijing_smoke.fcd.xml
S1_example_001,smoke_0,200,39.991014,116.316013,27.9,138694650#5_0,0,beijing_smoke.fcd.xml
S1_example_001,smoke_0,201,39.991024,116.316345,28.4,:13173248464_3_0,0,beijing_smoke.fcd.xml
S1_example_001,smoke_0,202,39.991033,116.316671,27.8,138694650#6_0,0,beijing_smoke.fcd.xml
S1_example_001,smoke_0,203,39.991043,116.316997,27.92,138694650#6_0,0,beijing_smoke.fcd.xml
S1_example_001,smoke_0,204,39.991053,116.317333,28.64,138694650#6_0,0,beijing_smoke.fcd.xml
S1_example_001,smoke_0,205,39.99106,116.317669,28.73,138694650#6_0,0,beijing_smoke.fcd.xml
S1_example_001,smoke_0,206,39.991073,116.318002,28.42,138694650#6_0,0,beijing_smoke.fcd.xml
S1_example_001,smoke_0,207,39.991085,116.318326,27.73,138694650#6_0,0,beijing_smoke.fcd.xml
S1_example_001,smoke_0,208,39.991097,116.318662,28.75,138694650#6_0,0,beijing_smoke.fcd.xml
S1_example_001,smoke_0,209,39.991109,116.318997,28.55,138694650#6_0,0,beijing_smoke.fcd.xml
S1_example_001,smoke_0,210,39.99115,116.319326,28.26,138694650#6_1,0,beijing_smoke.fcd.xml
S1_example_001,smoke_0,211,39.991162,116.319659,28.49,138694650#6_1,0,beijing_smoke.fcd.xml
S1_example_001,smoke_0,212,39.991174,116.319982,27.65,138694650#6_1,0,beijing_smoke.fcd.xml
S1_example_001,smoke_0,213,39.991186,116.320313,28.25,138694650#6_1,0,beijing_smoke.fcd.xml
S1_example_001,smoke_0,214,39.991198,116.320645,28.39,138694650#6_1,0,beijing_smoke.fcd.xml
S1_example_001,smoke_0,215,39.99121,116.320979,28.51,138694650#6_1,0,beijing_smoke.fcd.xml
S1_example_001,smoke_0,216,39.991221,116.321303,27.73,138694650#7_1,0,beijing_smoke.fcd.xml
S1_example_001,smoke_0,217,39.991232,116.321635,28.34,138694650#7_1,0,beijing_smoke.fcd.xml
S1_example_001,smoke_0,218,39.991238,116.321958,27.56,138694650#7_1,0,beijing_smoke.fcd.xml
S1_example_001,smoke_0,219,39.991242,116.322281,27.64,138694650#7_1,0,beijing_smoke.fcd.xml
S1_example_001,smoke_0,220,39.991249,116.322614,28.41,138694650#7_1,0,beijing_smoke.fcd.xml
S1_example_001,smoke_0,221,39.991257,116.322943,28.13,138694650#7_1,0,beijing_smoke.fcd.xml
S1_example_001,smoke_0,222,39.991264,116.323272,28.1,138694650#7_1,0,beijing_smoke.fcd.xml
S1_example_001,smoke_0,223,39.991273,116.323599,27.89,:1532866063_1_1,0,beijing_smoke.fcd.xml
S1_example_001,smoke_0,224,39.991284,116.323928,28.18,139882019#0_1,0,beijing_smoke.fcd.xml
S1_example_001,smoke_0,225,39.991296,116.324265,28.75,139882019#0_1,0,beijing_smoke.fcd.xml
S1_example_001,smoke_0,226,39.991306,116.324589,27.71,139882019#0_1,0,beijing_smoke.fcd.xml
S1_example_001,smoke_0,227,39.991318,116.324917,28.05,139882019#0_1,0,beijing_smoke.fcd.xml
S1_example_001,smoke_0,228,39.991328,116.325243,27.87,139882019#0_1,0,beijing_smoke.fcd.xml
S1_example_001,smoke_0,229,39.99134,116.32558,28.75,139882019#0_1,0,beijing_smoke.fcd.xml
S1_example_001,smoke_0,230,39.99135,116.325898,27.24,139882019#0_1,0,beijing_smoke.fcd.xml
S1_example_001,smoke_0,231,39.99136,116.326173,23.49,139882019#0_1,0,beijing_smoke.fcd.xml
S1_example_001,smoke_0,232,39.991367,116.326396,18.99,139882019#0_1,0,beijing_smoke.fcd.xml
S1_example_001,smoke_0,233,39.991372,116.32657,14.89,139882019#3_1,0,beijing_smoke.fcd.xml
S1_example_001,smoke_0,234,39.991366,116.326691,10.39,:371157932_1_0,0,beijing_smoke.fcd.xml
S1_example_001,smoke_0,235,39.991363,116.32676,5.89,138685369_0,0,beijing_smoke.fcd.xml
S1_example_001,smoke_0,236,39.991365,116.326855,8.11,:586470761_1_0,0,beijing_smoke.fcd.xml
S1_example_001,smoke_0,237,39.991378,116.326976,10.49,:1360099071_2_0,0,beijing_smoke.fcd.xml
S1_example_001,smoke_0,238,39.991385,116.32712,12.36,163825696#1_1,0,beijing_smoke.fcd.xml
S1_example_001,smoke_0,239,39.99139,116.327285,14.12,163825696#1_1,0,beijing_smoke.fcd.xml
S1_example_001,smoke_0,240,39.991396,116.327472,15.95,163825696#1_1,0,beijing_smoke.fcd.xml
S1_example_001,smoke_0,241,39.991402,116.32768,17.82,163825696#1_1,0,beijing_smoke.fcd.xml
S1_example_001,smoke_0,242,39.991408,116.327909,19.5,163825696#1_1,0,beijing_smoke.fcd.xml
S1_example_001,smoke_0,243,39.991416,116.328153,20.92,163825696#1_1,0,beijing_smoke.fcd.xml
S1_example_001,smoke_0,244,39.991409,116.328424,23.13,136867390_0,0,beijing_smoke.fcd.xml
S1_example_001,smoke_0,245,39.991417,116.328713,24.76,136867390_0,0,beijing_smoke.fcd.xml
S1_example_001,smoke_0,246,39.991426,116.329024,26.52,136867390_0,0,beijing_smoke.fcd.xml
S1_example_001,smoke_0,247,39.991436,116.329354,28.25,136867390_0,0,beijing_smoke.fcd.xml
S1_example_001,smoke_0,248,39.991445,116.329685,28.28,136867390_0,0,beijing_smoke.fcd.xml
S1_example_001,smoke_0,249,39.991454,116.329981,25.26,:1360097783_1_0,0,beijing_smoke.fcd.xml
S1_example_001,smoke_0,250,39.991465,116.330224,20.76,136867389#1_0,0,beijing_smoke.fcd.xml
S1_example_001,smoke_0,251,39.991473,116.330414,16.26,136867389#1_0,0,beijing_smoke.fcd.xml
S1_example_001,smoke_0,252,39.991478,116.330551,11.76,136867389#1_0,0,beijing_smoke.fcd.xml
S1_example_001,smoke_0,253,39.991482,116.330636,7.26,136867389#1_0,0,beijing_smoke.fcd.xml
S1_example_001,smoke_0,254,39.991483,116.33067,2.88,136867389#1_0,0,beijing_smoke.fcd.xml
S1_example_001,smoke_0,255,39.991483,116.330672,0.2,136867389#1_0,0,beijing_smoke.fcd.xml
S1_example_001,smoke_0,256,39.991483,116.330673,0.09,136867389#1_0,0,beijing_smoke.fcd.xml
S1_example_001,smoke_0,257,39.991483,116.330673,0.01,136867389#1_0,0,beijing_smoke.fcd.xml
S1_example_001,smoke_0,258,39.991483,116.330673,0,136867389#1_0,0,beijing_smoke.fcd.xml
S1_example_001,smoke_0,259,39.991483,116.330673,0,136867389#1_0,0,beijing_smoke.fcd.xml
S1_example_001,smoke_0,260,39.991483,116.330673,0,136867389#1_0,0,beijing_smoke.fcd.xml
S1_example_001,smoke_0,261,39.991483,116.330673,0,136867389#1_0,0,beijing_smoke.fcd.xml
S1_example_001,smoke_0,262,39.991483,116.330673,0,136867389#1_0,0,beijing_smoke.fcd.xml
S1_example_001,smoke_0,263,39.991483,116.330673,0,136867389#1_0,0,beijing_smoke.fcd.xml
S1_example_001,smoke_0,264,39.991483,116.330673,0,136867389#1_0,0,beijing_smoke.fcd.xml
S1_example_001,smoke_0,265,39.991483,116.330673,0,136867389#1_0,0,beijing_smoke.fcd.xml
S1_example_001,smoke_0,266,39.991483,116.330673,0,136867389#1_0,0,beijing_smoke.fcd.xml
S1_example_001,smoke_0,267,39.991483,116.330673,0,136867389#1_0,0,beijing_smoke.fcd.xml
S1_example_001,smoke_0,268,39.991483,116.330673,0,136867389#1_0,0,beijing_smoke.fcd.xml
S1_example_001,smoke_0,269,39.991483,116.330673,0,136867389#1_0,0,beijing_smoke.fcd.xml
S1_example_001,smoke_0,270,39.991484,116.330698,2.08,:cluster_10695605918_1360087323_1360087326_245129778_#3more_13_0,0,beijing_smoke.fcd.xml
S1_example_001,smoke_0,271,39.991486,116.330747,4.19,:cluster_10695605918_1360087323_1360087326_245129778_#3more_13_0,0,beijing_smoke.fcd.xml
S1_example_001,smoke_0,272,39.991488,116.330815,5.8,:cluster_10695605918_1360087323_1360087326_245129778_#3more_13_0,0,beijing_smoke.fcd.xml
S1_example_001,smoke_0,273,39.991491,116.330901,7.35,:cluster_10695605918_1360087323_1360087326_245129778_#3more_13_0,0,beijing_smoke.fcd.xml
S1_example_001,smoke_0,274,39.991493,116.331004,8.96,121904216#1_0,0,beijing_smoke.fcd.xml
S1_example_001,smoke_0,275,39.991496,116.331126,10.41,121904216#1_0,0,beijing_smoke.fcd.xml
S1_example_001,smoke_0,276,39.9915,116.331264,11.78,121904216#1_0,0,beijing_smoke.fcd.xml
S1_example_001,smoke_0,277,39.991503,116.331424,13.66,121904216#1_0,0,beijing_smoke.fcd.xml
S1_example_001,smoke_0,278,39.991508,116.331605,15.48,121904216#1_0,0,beijing_smoke.fcd.xml
S1_example_001,smoke_0,279,39.991513,116.331816,17.99,121904216#1_0,0,beijing_smoke.fcd.xml
S1_example_001,smoke_0,280,39.991519,116.332049,19.89,121904216#2_0,0,beijing_smoke.fcd.xml
S1_example_001,smoke_0,281,39.991526,116.332311,22.42,121904216#2_0,0,beijing_smoke.fcd.xml
S1_example_001,smoke_0,282,39.991533,116.332593,24.03,121904216#2_0,0,beijing_smoke.fcd.xml
S1_example_001,smoke_0,283,39.99154,116.332904,26.6,121904216#3_0,0,beijing_smoke.fcd.xml
S1_example_001,smoke_0,284,39.991548,116.33322,27.03,121904216#3_0,0,beijing_smoke.fcd.xml
S1_example_001,smoke_0,285,39.991554,116.333484,22.53,121904216#3_0,0,beijing_smoke.fcd.xml
S1_example_001,smoke_0,286,39.991559,116.333702,18.62,121904216#3_0,0,beijing_smoke.fcd.xml
S1_example_001,smoke_0,287,39.991563,116.333872,14.51,121904216#3_0,0,beijing_smoke.fcd.xml
S1_example_001,smoke_0,288,39.991565,116.333989,10.09,121904216#4_0,0,beijing_smoke.fcd.xml
S1_example_001,smoke_0,289,39.991567,116.334054,5.59,121904216#4_0,0,beijing_smoke.fcd.xml
S1_example_001,smoke_0,290,39.991567,116.334076,1.81,121904216#4_0,0,beijing_smoke.fcd.xml
S1_example_001,smoke_0,291,39.991567,116.334077,0.16,121904216#4_0,0,beijing_smoke.fcd.xml
S1_example_001,smoke_0,292,39.991567,116.334078,0.08,121904216#4_0,0,beijing_smoke.fcd.xml
S1_example_001,smoke_0,293,39.991567,116.334079,0.05,121904216#4_0,0,beijing_smoke.fcd.xml
S1_example_001,smoke_0,294,39.991567,116.334079,0.01,121904216#4_0,0,beijing_smoke.fcd.xml
S1_example_001,smoke_0,295,39.991567,116.334079,0.01,121904216#4_0,0,beijing_smoke.fcd.xml
S1_example_001,smoke_0,296,39.991567,116.334079,0,121904216#4_0,0,beijing_smoke.fcd.xml
S1_example_001,smoke_0,297,39.991567,116.334079,0,121904216#4_0,0,beijing_smoke.fcd.xml
S1_example_001,smoke_0,298,39.991567,116.334079,0,121904216#4_0,0,beijing_smoke.fcd.xml
S1_example_001,smoke_0,299,39.991567,116.334079,0,121904216#4_0,0,beijing_smoke.fcd.xml
S1_example_001,smoke_0,300,39.991567,116.334079,0,121904216#4_0,0,beijing_smoke.fcd.xml
S1_example_001,smoke_0,301,39.991567,116.334079,0,121904216#4_0,0,beijing_smoke.fcd.xml
S1_example_001,smoke_0,302,39.991567,116.334079,0,121904216#4_0,0,beijing_smoke.fcd.xml
S1_example_001,smoke_0,303,39.991567,116.334079,0,121904216#4_0,0,beijing_smoke.fcd.xml
S1_example_001,smoke_0,304,39.991567,116.334079,0,121904216#4_0,0,beijing_smoke.fcd.xml
S1_example_001,smoke_0,305,39.991567,116.334079,0,121904216#4_0,0,beijing_smoke.fcd.xml
S1_example_001,smoke_0,306,39.991567,116.334079,0,121904216#4_0,0,beijing_smoke.fcd.xml
S1_example_001,smoke_0,307,39.991567,116.334079,0,121904216#4_0,0,beijing_smoke.fcd.xml
S1_example_001,smoke_0,308,39.991567,116.334079,0,121904216#4_0,0,beijing_smoke.fcd.xml
S1_example_001,smoke_0,309,39.991567,116.334079,0,121904216#4_0,0,beijing_smoke.fcd.xml
S1_example_001,smoke_0,310,39.991567,116.334079,0,121904216#4_0,0,beijing_smoke.fcd.xml
S1_example_001,smoke_0,311,39.991567,116.334079,0,121904216#4_0,0,beijing_smoke.fcd.xml
S1_example_001,smoke_0,312,39.991567,116.334079,0,121904216#4_0,0,beijing_smoke.fcd.xml
S1_example_001,smoke_0,313,39.991567,116.334079,0,121904216#4_0,0,beijing_smoke.fcd.xml
S1_example_001,smoke_0,314,39.991567,116.334079,0,121904216#4_0,0,beijing_smoke.fcd.xml
S1_example_001,smoke_0,315,39.99157,116.334101,1.88,:cluster_1360087331_1367406317_1367406318_245129779_#3more_11_0,0,beijing_smoke.fcd.xml
S1_example_001,smoke_0,316,39.991579,116.334138,3.31,:cluster_1360087331_1367406317_1367406318_245129779_#3more_11_0,0,beijing_smoke.fcd.xml
S1_example_001,smoke_0,317,39.991606,116.334185,5.12,:cluster_1360087331_1367406317_1367406318_245129779_#3more_11_0,0,beijing_smoke.fcd.xml
S1_example_001,smoke_0,318,39.991634,116.334214,3.99,:cluster_1360087331_1367406317_1367406318_245129779_#3more_11_0,0,beijing_smoke.fcd.xml
S1_example_001,smoke_0,319,39.991683,116.334241,6.05,:cluster_1360087331_1367406317_1367406318_245129779_#3more_21_0,0,beijing_smoke.fcd.xml
S1_example_001,smoke_0,320,39.99175,116.334241,7.56,1006229161#0_0,0,beijing_smoke.fcd.xml
S1_example_001,smoke_0,321,39.991838,116.334236,9.83,1006229161#0_0,0,beijing_smoke.fcd.xml
S1_example_001,smoke_0,322,39.991949,116.33423,12.34,1006229161#0_0,0,beijing_smoke.fcd.xml
S1_example_001,smoke_0,323,39.992075,116.334223,13.91,1006229161#0_0,0,beijing_smoke.fcd.xml
S1_example_001,smoke_0,324,39.992212,116.334216,15.24,1006229161#0_0,0,beijing_smoke.fcd.xml
S1_example_001,smoke_0,325,39.992364,116.334207,16.96,1006229161#0_0,0,beijing_smoke.fcd.xml
S1_example_001,smoke_0,326,39.992534,116.334198,18.86,1006229161#0_0,0,beijing_smoke.fcd.xml
S1_example_001,smoke_0,327,39.992723,116.334188,21.02,1006229161#1_0,0,beijing_smoke.fcd.xml
S1_example_001,smoke_0,328,39.992934,116.334176,23.53,1006229161#1_0,0,beijing_smoke.fcd.xml
S1_example_001,smoke_0,329,39.993161,116.334164,25.21,1006229161#1_0,0,beijing_smoke.fcd.xml
S1_example_001,smoke_0,330,39.993409,116.334139,27.64,:9283720065_3_0,0,beijing_smoke.fcd.xml
S1_example_001,smoke_0,331,39.993659,116.334118,27.81,1006229160#0_1,0,beijing_smoke.fcd.xml
S1_example_001,smoke_0,332,39.993916,116.334104,28.73,1006229160#1_1,0,beijing_smoke.fcd.xml
S1_example_001,smoke_0,333,39.994167,116.33409,27.82,1006229160#1_1,0,beijing_smoke.fcd.xml
S1_example_001,smoke_0,334,39.994423,116.334076,28.46,1006229160#1_1,0,beijing_smoke.fcd.xml
S1_example_001,smoke_0,335,39.994675,116.334062,28,1006229160#1_1,0,beijing_smoke.fcd.xml
S1_example_001,smoke_0,336,39.994931,116.334048,28.45,1006229160#1_1,0,beijing_smoke.fcd.xml
S1_example_001,smoke_0,337,39.995181,116.334034,27.77,1006229160#1_1,0,beijing_smoke.fcd.xml
S1_example_001,smoke_0,338,39.99543,116.334021,27.59,1006229160#1_1,0,beijing_smoke.fcd.xml
S1_example_001,smoke_0,339,39.995688,116.33401,28.62,:cluster_1497213372_9283720055_4_1,0,beijing_smoke.fcd.xml
S1_example_001,smoke_0,340,39.995941,116.334007,28.09,1006229160#3_1,0,beijing_smoke.fcd.xml
S1_example_001,smoke_0,341,39.996188,116.33395,28.08,1006229160#3_1,0,beijing_smoke.fcd.xml
S1_example_001,smoke_0,342,39.996447,116.333974,28.69,1006229160#3_0,0,beijing_smoke.fcd.xml
S1_example_001,smoke_0,343,39.996703,116.333961,28.4,1006229160#4_0,0,beijing_smoke.fcd.xml
S1_example_001,smoke_0,344,39.996953,116.333948,27.79,1006229160#4_0,0,beijing_smoke.fcd.xml
S1_example_001,smoke_0,345,39.997162,116.333987,23.61,1006229160#4_0,0,beijing_smoke.fcd.xml
S1_example_001,smoke_0,346,39.997332,116.334014,19.11,1006229160#4_0,0,beijing_smoke.fcd.xml
S1_example_001,smoke_0,347,39.997464,116.33401,14.61,1006229160#4_0,0,beijing_smoke.fcd.xml
S1_example_001,smoke_0,348,39.997568,116.334007,11.6,1006229160#4_0,0,beijing_smoke.fcd.xml
S1_example_001,smoke_0,349,39.997644,116.334004,8.44,1006229160#4_0,0,beijing_smoke.fcd.xml
S1_example_001,smoke_0,350,39.997682,116.334003,4.19,1006229160#4_0,0,beijing_smoke.fcd.xml
S1_example_001,smoke_0,351,39.997683,116.334003,0.08,1006229160#4_0,0,beijing_smoke.fcd.xml
S1_example_001,smoke_0,352,39.997683,116.334003,0.01,1006229160#4_0,0,beijing_smoke.fcd.xml
S1_example_001,smoke_0,353,39.997683,116.334003,0,1006229160#4_0,0,beijing_smoke.fcd.xml
S1_example_001,smoke_0,354,39.997683,116.334003,0,1006229160#4_0,0,beijing_smoke.fcd.xml
S1_example_001,smoke_0,355,39.997683,116.334003,0,1006229160#4_0,0,beijing_smoke.fcd.xml
S1_example_001,smoke_0,356,39.997683,116.334003,0,1006229160#4_0,0,beijing_smoke.fcd.xml
S1_example_001,smoke_0,357,39.997683,116.334003,0,1006229160#4_0,0,beijing_smoke.fcd.xml
S1_example_001,smoke_0,358,39.997683,116.334003,0,1006229160#4_0,0,beijing_smoke.fcd.xml
S1_example_001,smoke_0,359,39.997683,116.334003,0,1006229160#4_0,0,beijing_smoke.fcd.xml
S1_example_001,smoke_0,360,39.997702,116.334002,2.12,:cluster_2623841227_9283720060_9283720068_9283720069_4_0,0,beijing_smoke.fcd.xml
S1_example_001,smoke_0,361,39.99774,116.334001,4.24,:cluster_2623841227_9283720060_9283720068_9283720069_4_0,0,beijing_smoke.fcd.xml
S1_example_001,smoke_0,362,39.997797,116.333999,6.22,:cluster_2623841227_9283720060_9283720068_9283720069_4_0,0,beijing_smoke.fcd.xml
S1_example_001,smoke_0,363,39.997871,116.333996,8.27,1006229160#6_0,0,beijing_smoke.fcd.xml
S1_example_001,smoke_0,364,39.997963,116.333992,10.23,1006229160#6_0,0,beijing_smoke.fcd.xml
S1_example_001,smoke_0,365,39.998071,116.333988,11.92,1006229160#6_0,0,beijing_smoke.fcd.xml
S1_example_001,smoke_0,366,39.998194,116.333983,13.7,1006229160#6_0,0,beijing_smoke.fcd.xml
S1_example_001,smoke_0,367,39.998334,116.333977,15.56,1006229160#6_0,0,beijing_smoke.fcd.xml
S1_example_001,smoke_0,368,39.998491,116.333971,17.49,1006229160#6_0,0,beijing_smoke.fcd.xml
S1_example_001,smoke_0,369,39.998669,116.333965,19.7,1006229160#6_0,0,beijing_smoke.fcd.xml
S1_example_001,smoke_0,370,39.998869,116.33396,22.18,1006229160#6_0,0,beijing_smoke.fcd.xml
S1_example_001,smoke_0,371,39.999085,116.333954,24.07,1006229160#7_0,0,beijing_smoke.fcd.xml
S1_example_001,smoke_0,372,39.999321,116.333953,26.22,:cluster_12770147890_12770171514_1360087390_245132377_#4more_9_0,0,beijing_smoke.fcd.xml
S1_example_001,smoke_0,373,39.999571,116.33395,27.9,1006226779#1_0,0,beijing_smoke.fcd.xml
S1_example_001,smoke_0,374,39.999829,116.333937,28.69,1006226779#1_0,0,beijing_smoke.fcd.xml
S1_example_001,smoke_0,375,40.000079,116.333925,27.77,1006226779#1_0,0,beijing_smoke.fcd.xml
S1_example_001,smoke_0,376,40.000337,116.333912,28.61,1006226779#1_0,0,beijing_smoke.fcd.xml
S1_example_001,smoke_0,377,40.000595,116.333899,28.62,1006226779#1_0,0,beijing_smoke.fcd.xml
S1_example_001,smoke_0,378,40.000843,116.333887,27.56,1006226779#1_0,0,beijing_smoke.fcd.xml
S1_example_001,smoke_0,379,40.001099,116.333875,28.46,1006226779#1_0,0,beijing_smoke.fcd.xml
S1_example_001,smoke_0,380,40.001348,116.333862,27.63,1006226779#1_0,0,beijing_smoke.fcd.xml
S1_example_001,smoke_0,381,40.001607,116.33385,28.8,1006226779#1_0,0,beijing_smoke.fcd.xml
S1_example_001,smoke_0,382,40.001863,116.333837,28.45,1006226779#1_0,0,beijing_smoke.fcd.xml
S1_example_001,smoke_0,383,40.002117,116.333831,28.23,1006226779#1_0,0,beijing_smoke.fcd.xml
S1_example_001,smoke_0,384,40.002367,116.333848,27.82,1006226779#1_0,0,beijing_smoke.fcd.xml
S1_example_001,smoke_0,385,40.002623,116.333876,28.43,1006226779#1_0,0,beijing_smoke.fcd.xml
S1_example_001,smoke_0,386,40.002878,116.333914,28.57,1006226779#1_0,0,beijing_smoke.fcd.xml
S1_example_001,smoke_0,387,40.003123,116.333971,27.68,1006226779#2_0,0,beijing_smoke.fcd.xml
S1_example_001,smoke_0,388,40.003368,116.334061,28.49,1006226779#5_0,0,beijing_smoke.fcd.xml
S1_example_001,smoke_0,389,40.003612,116.334162,28.37,1006226779#5_0,0,beijing_smoke.fcd.xml
S1_example_001,smoke_0,390,40.003853,116.334262,28.07,1006226779#5_0,0,beijing_smoke.fcd.xml
S1_example_001,smoke_0,391,40.004093,116.334377,28.43,1006226779#5_0,0,beijing_smoke.fcd.xml
S1_example_001,smoke_0,392,40.004331,116.334497,28.36,1006226779#5_0,0,beijing_smoke.fcd.xml
S1_example_001,smoke_0,393,40.00457,116.334617,28.4,1006226779#5_0,0,beijing_smoke.fcd.xml
S1_example_001,smoke_0,394,40.004805,116.334738,28.07,1006226779#5_0,0,beijing_smoke.fcd.xml
S1_example_001,smoke_0,395,40.005044,116.334861,28.57,1006226779#5_0,0,beijing_smoke.fcd.xml
S1_example_001,smoke_0,396,40.005277,116.334981,27.77,1006226779#5_0,0,beijing_smoke.fcd.xml
S1_example_001,smoke_0,397,40.005518,116.335105,28.73,1006226779#5_0,0,beijing_smoke.fcd.xml
S1_example_001,smoke_0,398,40.005722,116.33521,24.38,1006226779#5_0,0,beijing_smoke.fcd.xml
S1_example_001,smoke_0,399,40.005888,116.335296,19.88,1006226779#5_0,0,beijing_smoke.fcd.xml
S1_example_001,smoke_0,400,40.006017,116.335362,15.38,1006226779#5_0,0,beijing_smoke.fcd.xml
S1_example_001,smoke_0,401,40.006108,116.335409,10.88,1006226779#5_0,0,beijing_smoke.fcd.xml
S1_example_001,smoke_0,402,40.006163,116.335437,6.61,1006226779#6_0,0,beijing_smoke.fcd.xml
S1_example_001,smoke_0,403,40.006191,116.335452,3.52,1006226779#7_0,0,beijing_smoke.fcd.xml
S1_example_001,smoke_0,404,40.006192,116.335452,0.06,1006226779#7_0,0,beijing_smoke.fcd.xml
S1_example_001,smoke_0,405,40.006192,116.335452,0.03,1006226779#7_0,0,beijing_smoke.fcd.xml
S1_example_001,smoke_0,406,40.006192,116.335452,0,1006226779#7_0,0,beijing_smoke.fcd.xml
S1_example_001,smoke_0,407,40.006192,116.335452,0,1006226779#7_0,0,beijing_smoke.fcd.xml
S1_example_001,smoke_0,408,40.006192,116.335453,0,1006226779#7_0,0,beijing_smoke.fcd.xml
S1_example_001,smoke_0,409,40.006192,116.335453,0,1006226779#7_0,0,beijing_smoke.fcd.xml
S1_example_001,smoke_0,410,40.006192,116.335453,0,1006226779#7_0,0,beijing_smoke.fcd.xml
S1_example_001,smoke_0,411,40.006192,116.335453,0,1006226779#7_0,0,beijing_smoke.fcd.xml
S1_example_001,smoke_0,412,40.006192,116.335453,0,1006226779#7_0,0,beijing_smoke.fcd.xml
S1_example_001,smoke_0,413,40.006192,116.335453,0,1006226779#7_0,0,beijing_smoke.fcd.xml
S1_example_001,smoke_0,414,40.006192,116.335453,0,1006226779#7_0,0,beijing_smoke.fcd.xml
S1_example_001,smoke_0,415,40.006192,116.335453,0,1006226779#7_0,0,beijing_smoke.fcd.xml
S1_example_001,smoke_0,416,40.006192,116.335453,0,1006226779#7_0,0,beijing_smoke.fcd.xml
S1_example_001,smoke_0,417,40.006192,116.335453,0,1006226779#7_0,0,beijing_smoke.fcd.xml
S1_example_001,smoke_0,418,40.006192,116.335453,0,1006226779#7_0,0,beijing_smoke.fcd.xml
S1_example_001,smoke_0,419,40.006192,116.335453,0,1006226779#7_0,0,beijing_smoke.fcd.xml
S1_example_001,smoke_0,420,40.006192,116.335453,0,1006226779#7_0,0,beijing_smoke.fcd.xml
S1_example_001,smoke_0,421,40.006192,116.335453,0,1006226779#7_0,0,beijing_smoke.fcd.xml
S1_example_001,smoke_0,422,40.006192,116.335453,0,1006226779#7_0,0,beijing_smoke.fcd.xml
S1_example_001,smoke_0,423,40.006192,116.335453,0,1006226779#7_0,0,beijing_smoke.fcd.xml
S1_example_001,smoke_0,424,40.006192,116.335453,0,1006226779#7_0,0,beijing_smoke.fcd.xml
S1_example_001,smoke_0,425,40.006192,116.335453,0,1006226779#7_0,0,beijing_smoke.fcd.xml
S1_example_001,smoke_0,426,40.006192,116.335453,0,1006226779#7_0,0,beijing_smoke.fcd.xml
S1_example_001,smoke_0,427,40.006192,116.335453,0,1006226779#7_0,0,beijing_smoke.fcd.xml
S1_example_001,smoke_0,428,40.006192,116.335453,0,1006226779#7_0,0,beijing_smoke.fcd.xml
S1_example_001,smoke_0,429,40.006192,116.335453,0,1006226779#7_0,0,beijing_smoke.fcd.xml
S1_example_001,smoke_0,430,40.006192,116.335453,0,1006226779#7_0,0,beijing_smoke.fcd.xml
S1_example_001,smoke_0,431,40.006192,116.335453,0,1006226779#7_0,0,beijing_smoke.fcd.xml
S1_example_001,smoke_0,432,40.006192,116.335453,0,1006226779#7_0,0,beijing_smoke.fcd.xml
S1_example_001,smoke_0,433,40.006192,116.335453,0,1006226779#7_0,0,beijing_smoke.fcd.xml
S1_example_001,smoke_0,434,40.006192,116.335453,0,1006226779#7_0,0,beijing_smoke.fcd.xml
S1_example_001,smoke_0,435,40.006192,116.335453,0,1006226779#7_0,0,beijing_smoke.fcd.xml
S1_example_001,smoke_0,436,40.006192,116.335453,0,1006226779#7_0,0,beijing_smoke.fcd.xml
S1_example_001,smoke_0,437,40.006192,116.335453,0,1006226779#7_0,0,beijing_smoke.fcd.xml
S1_example_001,smoke_0,438,40.006192,116.335453,0,1006226779#7_0,0,beijing_smoke.fcd.xml
S1_example_001,smoke_0,439,40.006192,116.335453,0,1006226779#7_0,0,beijing_smoke.fcd.xml
S1_example_001,smoke_0,440,40.006192,116.335453,0,1006226779#7_0,0,beijing_smoke.fcd.xml
S1_example_001,smoke_0,441,40.006192,116.335453,0,1006226779#7_0,0,beijing_smoke.fcd.xml
S1_example_001,smoke_0,442,40.006192,116.335453,0,1006226779#7_0,0,beijing_smoke.fcd.xml
S1_example_001,smoke_0,443,40.006192,116.335453,0,1006226779#7_0,0,beijing_smoke.fcd.xml
S1_example_001,smoke_0,444,40.006192,116.335453,0,1006226779#7_0,0,beijing_smoke.fcd.xml
S1_example_001,smoke_0,445,40.006192,116.335453,0,1006226779#7_0,0,beijing_smoke.fcd.xml
S1_example_001,smoke_0,446,40.006192,116.335453,0,1006226779#7_0,0,beijing_smoke.fcd.xml
S1_example_001,smoke_0,447,40.006192,116.335453,0,1006226779#7_0,0,beijing_smoke.fcd.xml
S1_example_001,smoke_0,448,40.006192,116.335453,0,1006226779#7_0,0,beijing_smoke.fcd.xml
S1_example_001,smoke_0,449,40.006192,116.335453,0,1006226779#7_0,0,beijing_smoke.fcd.xml
S1_example_001,smoke_0,450,40.006213,116.335464,2.47,:cluster_12770200623_340412709_9283705414_9283740828_10_0,0,beijing_smoke.fcd.xml
S1_example_001,smoke_0,451,40.006245,116.335485,4.01,:cluster_12770200623_340412709_9283705414_9283740828_10_0,0,beijing_smoke.fcd.xml
S1_example_001,smoke_0,452,40.006296,116.335517,6.22,:cluster_12770200623_340412709_9283705414_9283740828_10_0,0,beijing_smoke.fcd.xml
S1_example_001,smoke_0,453,40.006358,116.335556,7.76,:cluster_12770200623_340412709_9283705414_9283740828_10_0,0,beijing_smoke.fcd.xml
S1_example_001,smoke_0,454,40.00644,116.335597,9.68,1006226778#1_0,0,beijing_smoke.fcd.xml
S1_example_001,smoke_0,455,40.006537,116.335645,11.51,1006226778#1_0,0,beijing_smoke.fcd.xml
S1_example_001,smoke_0,456,40.006648,116.3357,13.26,1006226778#1_0,0,beijing_smoke.fcd.xml
S1_example_001,smoke_0,457,40.006778,116.335764,15.37,1006226778#1_0,0,beijing_smoke.fcd.xml
S1_example_001,smoke_0,458,40.006918,116.335834,16.7,1006226778#1_0,0,beijing_smoke.fcd.xml
S1_example_001,smoke_0,459,40.007072,116.33591,18.26,1006226778#1_0,0,beijing_smoke.fcd.xml
S1_example_001,smoke_0,460,40.007243,116.335994,20.26,1006226778#1_0,0,beijing_smoke.fcd.xml
S1_example_001,smoke_0,461,40.007432,116.336087,22.47,1006226778#1_0,0,beijing_smoke.fcd.xml
S1_example_001,smoke_0,462,40.007638,116.336189,24.45,1006226778#1_0,0,beijing_smoke.fcd.xml
S1_example_001,smoke_0,463,40.00786,116.336299,26.39,:cluster_9620101130_9620101136_11_0,0,beijing_smoke.fcd.xml
S1_example_001,smoke_0,464,40.008097,116.336412,27.98,1006226778#3_0,0,beijing_smoke.fcd.xml
S1_example_001,smoke_0,465,40.008339,116.336534,28.85,1006226778#4_0,0,beijing_smoke.fcd.xml
S1_example_001,smoke_0,466,40.008575,116.336652,28.05,1006226778#4_0,0,beijing_smoke.fcd.xml
S1_example_001,smoke_0,467,40.008807,116.336771,27.72,1006226778#4_0,0,beijing_smoke.fcd.xml
S1_example_001,smoke_0,468,40.009039,116.336891,27.65,1006226778#4_0,0,beijing_smoke.fcd.xml
S1_example_001,smoke_0,469,40.009283,116.336976,27.87,1006226778#6_1,0,beijing_smoke.fcd.xml
S1_example_001,smoke_0,470,40.009515,116.337095,27.74,:cluster_12770200637_12770200659_2566017370_7904909656_#2more_12_1,0,beijing_smoke.fcd.xml
S1_example_001,smoke_0,471,40.009726,116.337203,28.27,1006226775#1_1,0,beijing_smoke.fcd.xml
S1_example_001,smoke_0,472,40.009959,116.337321,27.7,1006226775#1_1,0,beijing_smoke.fcd.xml
S1_example_001,smoke_0,473,40.010197,116.337442,28.47,1006226775#1_1,0,beijing_smoke.fcd.xml
S1_example_001,smoke_0,474,40.010436,116.337564,28.4,1006226775#1_1,0,beijing_smoke.fcd.xml
S1_example_001,smoke_0,475,40.010672,116.337683,28.12,1006226775#1_1,0,beijing_smoke.fcd.xml
S1_example_001,smoke_0,476,40.010908,116.337804,28.14,1006226775#2_1,0,beijing_smoke.fcd.xml
S1_example_001,smoke_0,477,40.011146,116.337922,28.27,1006226775#2_1,0,beijing_smoke.fcd.xml
S1_example_001,smoke_0,478,40.011384,116.338034,28.1,1006226775#2_1,0,beijing_smoke.fcd.xml
S1_example_001,smoke_0,479,40.011628,116.338149,28.82,1006226775#2_1,0,beijing_smoke.fcd.xml
S1_example_001,smoke_0,480,40.011866,116.338261,28.19,1006226775#3_1,0,beijing_smoke.fcd.xml
S1_example_001,smoke_0,481,40.012106,116.338374,28.34,1006226775#3_1,0,beijing_smoke.fcd.xml
S1_example_001,smoke_0,482,40.012347,116.338487,28.47,1006226775#3_1,0,beijing_smoke.fcd.xml
S1_example_001,smoke_0,483,40.01259,116.338601,28.59,1006226775#3_1,0,beijing_smoke.fcd.xml
S1_example_001,smoke_0,484,40.012823,116.338711,27.57,1006226775#3_1,0,beijing_smoke.fcd.xml
S1_example_001,smoke_0,485,40.013059,116.338832,28.13,1006226775#3_1,0,beijing_smoke.fcd.xml
S1_example_001,smoke_0,486,40.013254,116.338945,23.63,1006226775#3_1,0,beijing_smoke.fcd.xml
S1_example_001,smoke_0,487,40.013411,116.339037,19.13,1006226775#3_1,0,beijing_smoke.fcd.xml
S1_example_001,smoke_0,488,40.013531,116.339107,14.63,1006226775#3_1,0,beijing_smoke.fcd.xml
S1_example_001,smoke_0,489,40.013621,116.33916,11,1006226775#5_1,0,beijing_smoke.fcd.xml
S1_example_001,smoke_0,490,40.013678,116.339177,6.5,:cluster_331145958_7966457881_9283705401_9283705407_13_0,0,beijing_smoke.fcd.xml
S1_example_001,smoke_0,491,40.013715,116.33918,4.23,:cluster_331145958_7966457881_9283705401_9283705407_13_0,0,beijing_smoke.fcd.xml
S1_example_001,smoke_0,492,40.013764,116.339156,5.89,:cluster_331145958_7966457881_9283705401_9283705407_21_0,0,beijing_smoke.fcd.xml
S1_example_001,smoke_0,493,40.013801,116.339083,7.45,:cluster_331145958_7966457881_9283705401_9283705407_21_0,0,beijing_smoke.fcd.xml
S1_example_001,smoke_0,494,40.013812,116.338974,9.45,:cluster_331145958_7966457881_9283705401_9283705407_21_0,0,beijing_smoke.fcd.xml
S1_example_001,smoke_0,495,40.013811,116.338897,9.81,42365077#1_0,0,beijing_smoke.fcd.xml
S1_example_001,smoke_0,496,40.013806,116.338755,12.15,42365077#1_0,0,beijing_smoke.fcd.xml
S1_example_001,smoke_0,497,40.0138,116.338583,14.73,42365077#1_0,0,beijing_smoke.fcd.xml
S1_example_001,smoke_0,498,40.013802,116.338392,16.33,:12770225037_0_0,0,beijing_smoke.fcd.xml
S1_example_001,smoke_0,499,40.013863,116.338245,14.32,1316908331#0_0,0,beijing_smoke.fcd.xml
S1_example_001,smoke_0,500,40.013959,116.338181,14.16,1316908331#1_0,0,beijing_smoke.fcd.xml
S1_example_001,smoke_0,501,40.014079,116.338179,13.53,1316908331#1_0,0,beijing_smoke.fcd.xml
S1_example_001,smoke_0,502,40.014191,116.338147,12.75,:12188076747_4_0,0,beijing_smoke.fcd.xml
S1_example_001,smoke_0,503,40.014263,116.338127,8.25,:12188076747_4_0,0,beijing_smoke.fcd.xml
S1_example_001,smoke_0,504,40.014296,116.338122,3.75,:12188076744_1_0,0,beijing_smoke.fcd.xml
S1_example_001,smoke_0,505,40.014304,116.338152,2.86,1316908332_0,0,beijing_smoke.fcd.xml
S1_example_001,smoke_0,506,40.014307,116.33821,4.9,1316908332_0,0,beijing_smoke.fcd.xml
S1_example_001,smoke_0,507,40.014311,116.338292,7.04,1316908332_0,0,beijing_smoke.fcd.xml
S1_example_001,smoke_0,508,40.014326,116.338377,8.39,1316908332_0,0,beijing_smoke.fcd.xml
S1_example_001,smoke_0,509,40.014414,116.338374,9.81,1316908332_0,0,beijing_smoke.fcd.xml
S1_example_001,smoke_0,510,40.014506,116.33837,10.17,1316908332_0,0,beijing_smoke.fcd.xml
S1_example_001,smoke_0,511,40.014556,116.338362,5.67,:12188076746_0_0,0,beijing_smoke.fcd.xml
S1_example_001,smoke_0,512,40.014577,116.338311,5.34,:12188076746_0_0,0,beijing_smoke.fcd.xml
S1_example_001,smoke_0,513,40.014575,116.338249,5.3,-1316908334_0,0,beijing_smoke.fcd.xml
S1_example_001,smoke_0,514,40.014573,116.338169,6.84,-1316908334_0,0,beijing_smoke.fcd.xml
S1_example_001,smoke_0,515,40.01457,116.338067,8.71,-1316908334_0,0,beijing_smoke.fcd.xml
S1_example_001,smoke_0,516,40.014566,116.337945,10.38,-1316908334_0,0,beijing_smoke.fcd.xml
